Designator,Footprint,Quantity,Value,LCSC Part #
S18,MX_1.00u_PCB_KailhSocket_mini-led,1,MX_SK6182,
S36,MX_1.00u_PCB_KailhSocket_mini-led,1,MX_SK6182,
MCU1,kb2040,1,KB2040,
S8,MX_1.00u_PCB_KailhSocket_mini-led,1,MX_SK6182,
S5,MX_1.00u_PCB_KailhSocket_mini-led,1,MX_SK6182,
S12,MX_1.00u_PCB_KailhSocket_mini-led,1,MX_SK6182,
S11,MX_1.00u_PCB_KailhSocket_mini-led,1,MX_SK6182,
S2,MX_1.00u_PCB_KailhSocket_mini-led,1,MX_SK6182,
S6,MX_1.00u_PCB_KailhSocket_mini-led,1,MX_SK6182,
S32,MX_1.00u_PCB_KailhSocket_mini-led,1,MX_SK6182,
S26,MX_1.00u_PCB_KailhSocket_mini-led,1,MX_SK6182,
S10,MX_1.00u_PCB_KailhSocket_mini-led,1,MX_SK6182,
S33,MX_1.00u_PCB_KailhSocket_mini-led,1,MX_SK6182,
S15,MX_1.00u_PCB_KailhSocket_mini-led,1,MX_SK6182,
S3,MX_1.00u_PCB_KailhSocket_mini-led,1,MX_SK6182,
S19,MX_1.00u_PCB_KailhSocket_mini-led,1,MX_SK6182,
S35,MX_1.00u_PCB_KailhSocket_mini-led,1,MX_SK6182,
S29,MX_1.00u_PCB_KailhSocket_mini-led,1,MX_SK6182,
S20,MX_1.00u_PCB_KailhSocket_mini-led,1,MX_SK6182,
S7,MX_1.00u_PCB_KailhSocket_mini-led,1,MX_SK6182,
S1,MX_1.00u_PCB_KailhSocket_mini-led,1,MX_SK6182,
S21,MX_1.00u_PCB_KailhSocket_mini-led,1,MX_SK6182,
S31,MX_1.00u_PCB_KailhSocket_mini-led,1,MX_SK6182,
S24,MX_1.00u_PCB_KailhSocket_mini-led,1,MX_SK6182,
S9,MX_1.00u_PCB_KailhSocket_mini-led,1,MX_SK6182,
S17,MX_1.00u_PCB_KailhSocket_mini-led,1,MX_SK6182,
MCU2,kb2040,1,KB2040,
S30,MX_1.00u_PCB_KailhSocket_mini-led,1,MX_SK6182,
S22,MX_1.00u_PCB_KailhSocket_mini-led,1,MX_SK6182,
S4,MX_1.00u_PCB_KailhSocket_mini-led,1,MX_SK6182,
S23,MX_1.00u_PCB_KailhSocket_mini-led,1,MX_SK6182,
S14,MX_1.00u_PCB_KailhSocket_mini-led,1,MX_SK6182,
S13,MX_1.00u_PCB_KailhSocket_mini-led,1,MX_SK6182,
S27,MX_1.00u_PCB_KailhSocket_mini-led,1,MX_SK6182,
S25,MX_1.00u_PCB_KailhSocket_mini-led,1,MX_SK6182,
S28,MX_1.00u_PCB_KailhSocket_mini-led,1,MX_SK6182,
